flat,pass
101,p101
102,p102
103,p103
104,p104
105,p105
106,p106
107,p107
108,p108
109,p109
110,p110
111,p111
112,p112
113,p113
114,p114
115,p115
116,p116
117,p117
118,p118
119,p119
120,p120
121,p121
122,p122
123,p123
124,p124
125,p125
126,p126
127,p127
128,p128
129,p129
130,p130
131,p131
132,p132
133,p133
134,p134
135,p135
136,p136
137,p137
138,p138
139,p139
140,p140
141,p141
142,p142
143,p143
144,p144
145,p145
146,p146
147,p147
148,p148
149,p149
150,p150
151,p151
152,p152
153,p153
154,p154
155,p155
156,p156
157,p157
158,p158
159,p159
160,p160
161,p161
162,p162
163,p163
164,p164
165,p165
166,p166
167,p167
168,p168
169,p169
170,p170
171,p171
172,p172
173,p173
174,p174
175,p175
176,p176
177,p177
178,p178
179,p179
180,p180
181,p181
182,p182
183,p183
184,p184
185,p185
186,p186
187,p187
188,p188
189,p189
190,p190
191,p191
192,p192
193,p193
194,p194
195,p195
196,p196
197,p197
198,p198
199,p199
